id;date_ouverture;date_cloture;statut;descripition;urgence;environnement
1;2022-05-21;2022-05-21;RESOLU;../fake-data/blob/hipster.txt;CRITIQUE;users
2;2022-05-21;2022-05-21;EN_COURS;../fake-data/blob/hipster.txt;NORMAL;Shoes deliverables Industrial
3;2022-05-20;2022-05-21;RESOLU;../fake-data/blob/hipster.txt;NORMAL;blue withdrawal quantifying
4;2022-05-21;2022-05-21;EN_COURS;../fake-data/blob/hipster.txt;URGENT;Auvergne modular
5;2022-05-20;2022-05-21;EN_COURS;../fake-data/blob/hipster.txt;CRITIQUE;frictionless ubiquitous Unbranded
6;2022-05-21;2022-05-21;EN_COURS;../fake-data/blob/hipster.txt;CRITIQUE;Music Cotton
7;2022-05-21;2022-05-21;EN_COURS;../fake-data/blob/hipster.txt;URGENT;collaboration
8;2022-05-21;2022-05-20;EN_COURS;../fake-data/blob/hipster.txt;CRITIQUE;Investment quantify
9;2022-05-21;2022-05-21;RESOLU;../fake-data/blob/hipster.txt;NORMAL;Generic wireless
10;2022-05-21;2022-05-20;RESOLU;../fake-data/blob/hipster.txt;URGENT;communities deposit Chair
